INSERT INTO `stations`(`idStation`, `nomStation`, `altitude`) VALUES (1,"La Montagne",2500);
INSERT INTO `stations`(`idStation`, `nomStation`, `altitude`) VALUES (2,"Le Sud",200);
INSERT INTO `stations`(`idStation`, `nomStation`, `altitude`) VALUES (3,"La Plage",10);
INSERT INTO `stations`(`idStation`, `nomStation`, `altitude`) VALUES (4,"Alpe d Huez",1860);
INSERT INTO `stations`(`idStation`, `nomStation`, `altitude`) VALUES (5,"Areches",1200);
INSERT INTO `stations`(`idStation`, `nomStation`, `altitude`) VALUES (6,"Beaufort",1200);
INSERT INTO `stations`(`idStation`, `nomStation`, `altitude`) VALUES (7,"Aussois",1500);
INSERT INTO `stations`(`idStation`, `nomStation`, `altitude`) VALUES (8,"Avoriaz",1800);




INSERT INTO `clients`(`idClient`, `nomClient`, `prenomClient`, `adresseClient`, `villeClient`) VALUES (null,"DOE","John","Rue Du General Leclerc","Chatenay Malabry");
INSERT INTO `clients`(`idClient`, `nomClient`, `prenomClient`, `adresseClient`, `villeClient`) VALUES (null,"HOMME","Josh","Rue Danton","Palm Desert");
INSERT INTO `clients`(`idClient`, `nomClient`, `prenomClient`, `adresseClient`, `villeClient`) VALUES (null,"PAUL","Weller","Rue Hoche","Londres");
INSERT INTO `clients`(`idClient`, `nomClient`, `prenomClient`, `adresseClient`, `villeClient`) VALUES (null,"WHITE","Jack","Allee Gustave Eiffel","Detroit");
INSERT INTO `clients`(`idClient`, `nomClient`, `prenomClient`, `adresseClient`, `villeClient`) VALUES (null,"CLAYPOOL","Les","Rue Jean Pierre Timbaud","San Francisco");
INSERT INTO `clients`(`idClient`, `nomClient`, `prenomClient`, `adresseClient`, `villeClient`) VALUES (null,"SQUIRE","Chris","Place Paul Vaillant Couturier","Londres");
INSERT INTO `clients`(`idClient`, `nomClient`, `prenomClient`, `adresseClient`, `villeClient`) VALUES (null,"WOOD","Ronnie","Rue Erevan","Londres");
INSERT INTO `clients`(`idClient`, `nomClient`, `prenomClient`, `adresseClient`, `villeClient`) VALUES (null,"THUNDERS","Johnny","Rue Du General Leclerc","New York");
INSERT INTO `clients`(`idClient`, `nomClient`, `prenomClient`, `adresseClient`, `villeClient`) VALUES (null,"JEUNEMAITRE","Eric","Rue Du General Leclerc","Chaville");
INSERT INTO `clients`(`idClient`, `nomClient`, `prenomClient`, `adresseClient`, `villeClient`) VALUES (null,"KARAM","Patrick","Rue Danton","Courbevoie");
INSERT INTO `clients`(`idClient`, `nomClient`, `prenomClient`, `adresseClient`, `villeClient`) VALUES (null,"RUFET","Corinne","Rue Hoche","Le Plessis Robinson");
INSERT INTO `clients`(`idClient`, `nomClient`, `prenomClient`, `adresseClient`, `villeClient`) VALUES (null,"SAINT JUST ","Wallerand","Allee Gustave Eiffel","Marnes La Coquette");
INSERT INTO `clients`(`idClient`, `nomClient`, `prenomClient`, `adresseClient`, `villeClient`) VALUES (null,"SANTINI","Jean-Luc","Rue Jean Pierre Timbaud","Chatenay Malabry");
INSERT INTO `clients`(`idClient`, `nomClient`, `prenomClient`, `adresseClient`, `villeClient`) VALUES (null,"AIT","Eddie","Place Paul Vaillant Couturier","Le Plessis Robinson");
INSERT INTO `clients`(`idClient`, `nomClient`, `prenomClient`, `adresseClient`, `villeClient`) VALUES (null,"BARBOTIN","Eddie","Rue Erevan","Chatenay Malabry");
INSERT INTO `clients`(`idClient`, `nomClient`, `prenomClient`, `adresseClient`, `villeClient`) VALUES (null,"BERESSI","Isabelle","Rue Du General Leclerc","Londres");
INSERT INTO `clients`(`idClient`, `nomClient`, `prenomClient`, `adresseClient`, `villeClient`) VALUES (null,"CAMARA","Lamine","Rue Ernest Renan","Antony");
INSERT INTO `clients`(`idClient`, `nomClient`, `prenomClient`, `adresseClient`, `villeClient`) VALUES (null,"CECCONI","Frank","Rue Georges Marie","Chatenay Malabry");
INSERT INTO `clients`(`idClient`, `nomClient`, `prenomClient`, `adresseClient`, `villeClient`) VALUES (null,"CHEVRON","Eric","Boulevard Gallieni","Suresnes");
INSERT INTO `clients`(`idClient`, `nomClient`, `prenomClient`, `adresseClient`, `villeClient`) VALUES (null,"CIUNTU","Marie-Carole","Esplanade Du Belvedere","Meudon");



INSERT INTO `hotels`(`idHotel`, `nomHotel`, `categorie`, `adresseHotel`, `villeHotel`, `idStation`) VALUES (null,"Le Magnifique",3,"rue du bas","Pralo",1);
INSERT INTO `hotels`(`idHotel`, `nomHotel`, `categorie`, `adresseHotel`, `villeHotel`, `idStation`) VALUES (null,"Hotel du haut",1,"rue du haut","Pralo",1);
INSERT INTO `hotels`(`idHotel`, `nomHotel`, `categorie`, `adresseHotel`, `villeHotel`, `idStation`) VALUES (null,"Le Narval",3,"place de la liberation","Vonten",2);
INSERT INTO `hotels`(`idHotel`, `nomHotel`, `categorie`, `adresseHotel`, `villeHotel`, `idStation`) VALUES (null,"Les Pissenlis",4,"place du 14 juillet","Bretou",2);
INSERT INTO `hotels`(`idHotel`, `nomHotel`, `categorie`, `adresseHotel`, `villeHotel`, `idStation`) VALUES (null,"RR Hotel",5,"place du bas","Bretou",2);
INSERT INTO `hotels`(`idHotel`, `nomHotel`, `categorie`, `adresseHotel`, `villeHotel`, `idStation`) VALUES (null,"La Brique",2,"place du haut","Bretou",2);
INSERT INTO `hotels`(`idHotel`, `nomHotel`, `categorie`, `adresseHotel`, `villeHotel`, `idStation`) VALUES (null,"Le Beau Rivage",3,"place du centre","Toras",3);
INSERT INTO `hotels`(`idHotel`, `nomHotel`, `categorie`, `adresseHotel`, `villeHotel`, `idStation`) VALUES (null,"Residence les marmottes",1,"1 Chemin des randonneurs","Alpe d Huez",6);
INSERT INTO `hotels`(`idHotel`, `nomHotel`, `categorie`, `adresseHotel`, `villeHotel`, `idStation`) VALUES (null,"Residence les edelweiss",5,"2 Rue des sapins","Areches",2);
INSERT INTO `hotels`(`idHotel`, `nomHotel`, `categorie`, `adresseHotel`, `villeHotel`, `idStation`) VALUES (null,"Residence les panoramas",4,"7 Avenue de la neige","Beaufort",2);
INSERT INTO `hotels`(`idHotel`, `nomHotel`, `categorie`, `adresseHotel`, `villeHotel`, `idStation`) VALUES (null,"Residence les sapins",5,"8 Chemin des pissenlits","Aussois",4);
INSERT INTO `hotels`(`idHotel`, `nomHotel`, `categorie`, `adresseHotel`, `villeHotel`, `idStation`) VALUES (null,"Chalets les marmottes",3,"10 Rue des etables","Avoriaz",3);
INSERT INTO `hotels`(`idHotel`, `nomHotel`, `categorie`, `adresseHotel`, `villeHotel`, `idStation`) VALUES (null,"Chalets les edelweiss",3,"8 Avenue des sapins","Alpe d Huez",8);
INSERT INTO `hotels`(`idHotel`, `nomHotel`, `categorie`, `adresseHotel`, `villeHotel`, `idStation`) VALUES (null,"Chalets les panoramas",2,"3 Chemin de la neige","Areches",6);
INSERT INTO `hotels`(`idHotel`, `nomHotel`, `categorie`, `adresseHotel`, `villeHotel`, `idStation`) VALUES (null,"Chalets les sapins",5,"3 Rue des pissenlits","Beaufort",8);



INSERT INTO `chambres`(`idChambre`, `numeroChambre`, `typeChambre`, `capaciteChambre`, `idHotel`) VALUES (null,"101","1",1,1);
INSERT INTO `chambres`(`idChambre`, `numeroChambre`, `typeChambre`, `capaciteChambre`, `idHotel`) VALUES (null,"102","1",2,1);
INSERT INTO `chambres`(`idChambre`, `numeroChambre`, `typeChambre`, `capaciteChambre`, `idHotel`) VALUES (null,"103","1",1,1);
INSERT INTO `chambres`(`idChambre`, `numeroChambre`, `typeChambre`, `capaciteChambre`, `idHotel`) VALUES (null,"104","1",2,2);
INSERT INTO `chambres`(`idChambre`, `numeroChambre`, `typeChambre`, `capaciteChambre`, `idHotel`) VALUES (null,"105","1",2,2);
INSERT INTO `chambres`(`idChambre`, `numeroChambre`, `typeChambre`, `capaciteChambre`, `idHotel`) VALUES (null,"106","1",1,2);
INSERT INTO `chambres`(`idChambre`, `numeroChambre`, `typeChambre`, `capaciteChambre`, `idHotel`) VALUES (null,"107","1",3,3);
INSERT INTO `chambres`(`idChambre`, `numeroChambre`, `typeChambre`, `capaciteChambre`, `idHotel`) VALUES (null,"108","1",1,3);
INSERT INTO `chambres`(`idChambre`, `numeroChambre`, `typeChambre`, `capaciteChambre`, `idHotel`) VALUES (null,"109","1",2,3);
INSERT INTO `chambres`(`idChambre`, `numeroChambre`, `typeChambre`, `capaciteChambre`, `idHotel`) VALUES (null,"235","1",1,4);
INSERT INTO `chambres`(`idChambre`, `numeroChambre`, `typeChambre`, `capaciteChambre`, `idHotel`) VALUES (null,"157","1",1,4);
INSERT INTO `chambres`(`idChambre`, `numeroChambre`, `typeChambre`, `capaciteChambre`, `idHotel`) VALUES (null,"874","1",1,7);
INSERT INTO `chambres`(`idChambre`, `numeroChambre`, `typeChambre`, `capaciteChambre`, `idHotel`) VALUES (null,"125","1",5,7);
INSERT INTO `chambres`(`idChambre`, `numeroChambre`, `typeChambre`, `capaciteChambre`, `idHotel`) VALUES (null,"101","1",3,6);
INSERT INTO `chambres`(`idChambre`, `numeroChambre`, `typeChambre`, `capaciteChambre`, `idHotel`) VALUES (null,"102","1",3,6);
INSERT INTO `chambres`(`idChambre`, `numeroChambre`, `typeChambre`, `capaciteChambre`, `idHotel`) VALUES (null,"103","1",2,10);
INSERT INTO `chambres`(`idChambre`, `numeroChambre`, `typeChambre`, `capaciteChambre`, `idHotel`) VALUES (null,"104","1",3,15);
INSERT INTO `chambres`(`idChambre`, `numeroChambre`, `typeChambre`, `capaciteChambre`, `idHotel`) VALUES (null,"105","1",3,6);
INSERT INTO `chambres`(`idChambre`, `numeroChambre`, `typeChambre`, `capaciteChambre`, `idHotel`) VALUES (null,"106","1",1,15);
INSERT INTO `chambres`(`idChambre`, `numeroChambre`, `typeChambre`, `capaciteChambre`, `idHotel`) VALUES (null,"107","1",1,11);
INSERT INTO `chambres`(`idChambre`, `numeroChambre`, `typeChambre`, `capaciteChambre`, `idHotel`) VALUES (null,"108","1",2,13);
INSERT INTO `chambres`(`idChambre`, `numeroChambre`, `typeChambre`, `capaciteChambre`, `idHotel`) VALUES (null,"109","1",2,10);
INSERT INTO `chambres`(`idChambre`, `numeroChambre`, `typeChambre`, `capaciteChambre`, `idHotel`) VALUES (null,"235","1",3,12);
INSERT INTO `chambres`(`idChambre`, `numeroChambre`, `typeChambre`, `capaciteChambre`, `idHotel`) VALUES (null,"157","1",1,11);
INSERT INTO `chambres`(`idChambre`, `numeroChambre`, `typeChambre`, `capaciteChambre`, `idHotel`) VALUES (null,"874","1",2,7);
INSERT INTO `chambres`(`idChambre`, `numeroChambre`, `typeChambre`, `capaciteChambre`, `idHotel`) VALUES (null,"125","1",1,9);
INSERT INTO `chambres`(`idChambre`, `numeroChambre`, `typeChambre`, `capaciteChambre`, `idHotel`) VALUES (null,"101","1",3,8);
INSERT INTO `chambres`(`idChambre`, `numeroChambre`, `typeChambre`, `capaciteChambre`, `idHotel`) VALUES (null,"102","1",3,15);
INSERT INTO `chambres`(`idChambre`, `numeroChambre`, `typeChambre`, `capaciteChambre`, `idHotel`) VALUES (null,"103","1",1,11);
INSERT INTO `chambres`(`idChambre`, `numeroChambre`, `typeChambre`, `capaciteChambre`, `idHotel`) VALUES (null,"104","1",1,11);
INSERT INTO `chambres`(`idChambre`, `numeroChambre`, `typeChambre`, `capaciteChambre`, `idHotel`) VALUES (null,"105","1",1,13);
INSERT INTO `chambres`(`idChambre`, `numeroChambre`, `typeChambre`, `capaciteChambre`, `idHotel`) VALUES (null,"106","1",2,15);
INSERT INTO `chambres`(`idChambre`, `numeroChambre`, `typeChambre`, `capaciteChambre`, `idHotel`) VALUES (null,"107","1",2,12);
INSERT INTO `chambres`(`idChambre`, `numeroChambre`, `typeChambre`, `capaciteChambre`, `idHotel`) VALUES (null,"108","1",1,9);
INSERT INTO `chambres`(`idChambre`, `numeroChambre`, `typeChambre`, `capaciteChambre`, `idHotel`) VALUES (null,"109","1",3,13);
INSERT INTO `chambres`(`idChambre`, `numeroChambre`, `typeChambre`, `capaciteChambre`, `idHotel`) VALUES (null,"235","1",3,8);
INSERT INTO `chambres`(`idChambre`, `numeroChambre`, `typeChambre`, `capaciteChambre`, `idHotel`) VALUES (null,"157","1",3,14);
INSERT INTO `chambres`(`idChambre`, `numeroChambre`, `typeChambre`, `capaciteChambre`, `idHotel`) VALUES (null,"874","1",1,8);
INSERT INTO `chambres`(`idChambre`, `numeroChambre`, `typeChambre`, `capaciteChambre`, `idHotel`) VALUES (null,"125","1",2,10);



INSERT INTO `reservations`(`idReservation`, `idChambre`, `idClient`, `dateReservation`, `dateDebut`, `dateFin`, `prix`, `arrhes`) VALUES (4,1,3,"2019-11-04","2019-11-13","2019-11-17",400,50);
INSERT INTO `reservations`(`idReservation`, `idChambre`, `idClient`, `dateReservation`, `dateDebut`, `dateFin`, `prix`, `arrhes`) VALUES (3,1,1,"2019-04-20","2019-05-07","2019-05-09",2400,800);
INSERT INTO `reservations`(`idReservation`, `idChambre`, `idClient`, `dateReservation`, `dateDebut`, `dateFin`, `prix`, `arrhes`) VALUES (5,2,2,"2020-01-11","2020-02-12","2020-02-18",3400,100);
INSERT INTO `reservations`(`idReservation`, `idChambre`, `idClient`, `dateReservation`, `dateDebut`, `dateFin`, `prix`, `arrhes`) VALUES (6,2,4,"2019-06-19","2019-08-05","2019-08-18",7200,180);
INSERT INTO `reservations`(`idReservation`, `idChambre`, `idClient`, `dateReservation`, `dateDebut`, `dateFin`, `prix`, `arrhes`) VALUES (7,3,5,"2019-04-02","2019-04-29","2019-05-03",1400,450);
INSERT INTO `reservations`(`idReservation`, `idChambre`, `idClient`, `dateReservation`, `dateDebut`, `dateFin`, `prix`, `arrhes`) VALUES (8,4,6,"2019-10-20","2019-12-01","2019-12-15",2400,780);
INSERT INTO `reservations`(`idReservation`, `idChambre`, `idClient`, `dateReservation`, `dateDebut`, `dateFin`, `prix`, `arrhes`) VALUES (9,4,6,"2019-02-27","2019-03-31","2019-04-04",500,80);
INSERT INTO `reservations`(`idReservation`, `idChambre`, `idClient`, `dateReservation`, `dateDebut`, `dateFin`, `prix`, `arrhes`) VALUES (10,4,8,"2019-07-21","2019-08-16","2019-08-16",40,0);
INSERT INTO `reservations`(`idReservation`, `idChambre`, `idClient`, `dateReservation`, `dateDebut`, `dateFin`, `prix`, `arrhes`) VALUES (11,8,15,"2019-10-12","2019-11-23","2019-11-29",580,58);
INSERT INTO `reservations`(`idReservation`, `idChambre`, `idClient`, `dateReservation`, `dateDebut`, `dateFin`, `prix`, `arrhes`) VALUES (12,9,17,"2019-12-22","2020-01-27","2020-01-30",140,14);
INSERT INTO `reservations`(`idReservation`, `idChambre`, `idClient`, `dateReservation`, `dateDebut`, `dateFin`, `prix`, `arrhes`) VALUES (13,8,15,"2019-07-21","2019-08-18","2019-08-21",360,36);
INSERT INTO `reservations`(`idReservation`, `idChambre`, `idClient`, `dateReservation`, `dateDebut`, `dateFin`, `prix`, `arrhes`) VALUES (14,4,20,"2019-01-10","2019-02-20","2019-03-01",1380,138);
INSERT INTO `reservations`(`idReservation`, `idChambre`, `idClient`, `dateReservation`, `dateDebut`, `dateFin`, `prix`, `arrhes`) VALUES (15,13,16,"2019-04-09","2019-04-17","2019-05-02",420,42);
INSERT INTO `reservations`(`idReservation`, `idChambre`, `idClient`, `dateReservation`, `dateDebut`, `dateFin`, `prix`, `arrhes`) VALUES (16,13,16,"2019-05-21","2019-06-13","2019-06-26",360,36);
INSERT INTO `reservations`(`idReservation`, `idChambre`, `idClient`, `dateReservation`, `dateDebut`, `dateFin`, `prix`, `arrhes`) VALUES (17,12,1,"2019-07-26","2019-08-09","2019-08-20",680,68);
INSERT INTO `reservations`(`idReservation`, `idChambre`, `idClient`, `dateReservation`, `dateDebut`, `dateFin`, `prix`, `arrhes`) VALUES (18,21,15,"2019-11-29","2019-11-30","2019-12-14",1280,128);
INSERT INTO `reservations`(`idReservation`, `idChambre`, `idClient`, `dateReservation`, `dateDebut`, `dateFin`, `prix`, `arrhes`) VALUES (19,14,19,"2019-03-12","2019-04-06","2019-04-09",420,42);
INSERT INTO `reservations`(`idReservation`, `idChambre`, `idClient`, `dateReservation`, `dateDebut`, `dateFin`, `prix`, `arrhes`) VALUES (20,24,12,"2019-01-17","2019-01-24","2019-01-28",260,26);
INSERT INTO `reservations`(`idReservation`, `idChambre`, `idClient`, `dateReservation`, `dateDebut`, `dateFin`, `prix`, `arrhes`) VALUES (21,12,9,"2020-01-02","2020-02-15","2020-02-24",1380,138);
INSERT INTO `reservations`(`idReservation`, `idChambre`, `idClient`, `dateReservation`, `dateDebut`, `dateFin`, `prix`, `arrhes`) VALUES (22,4,12,"2019-09-10","2019-09-24","2019-10-01",1430,143);
INSERT INTO `reservations`(`idReservation`, `idChambre`, `idClient`, `dateReservation`, `dateDebut`, `dateFin`, `prix`, `arrhes`) VALUES (23,23,1,"2019-05-11","2019-06-10","2019-06-14",820,82);
INSERT INTO `reservations`(`idReservation`, `idChambre`, `idClient`, `dateReservation`, `dateDebut`, `dateFin`, `prix`, `arrhes`) VALUES (24,10,11,"2019-10-21","2019-10-24","2019-10-31",650,65);
INSERT INTO `reservations`(`idReservation`, `idChambre`, `idClient`, `dateReservation`, `dateDebut`, `dateFin`, `prix`, `arrhes`) VALUES (25,20,14,"2020-01-12","2020-03-04","2020-03-09",1290,129);
INSERT INTO `reservations`(`idReservation`, `idChambre`, `idClient`, `dateReservation`, `dateDebut`, `dateFin`, `prix`, `arrhes`) VALUES (26,15,19,"2019-04-02","2019-05-02","2019-05-09",1030,103);
INSERT INTO `reservations`(`idReservation`, `idChambre`, `idClient`, `dateReservation`, `dateDebut`, `dateFin`, `prix`, `arrhes`) VALUES (27,17,17,"2019-01-04","2019-02-15","2019-02-25",470,47);
INSERT INTO `reservations`(`idReservation`, `idChambre`, `idClient`, `dateReservation`, `dateDebut`, `dateFin`, `prix`, `arrhes`) VALUES (28,14,16,"2019-05-17","2019-05-31","2019-06-03",1460,146);
INSERT INTO `reservations`(`idReservation`, `idChambre`, `idClient`, `dateReservation`, `dateDebut`, `dateFin`, `prix`, `arrhes`) VALUES (29,21,6,"2019-04-12","2019-05-23","2019-05-28",1310,131);
INSERT INTO `reservations`(`idReservation`, `idChambre`, `idClient`, `dateReservation`, `dateDebut`, `dateFin`, `prix`, `arrhes`) VALUES (30,20,9,"2019-06-26","2019-07-15","2019-07-21",460,46);
INSERT INTO `reservations`(`idReservation`, `idChambre`, `idClient`, `dateReservation`, `dateDebut`, `dateFin`, `prix`, `arrhes`) VALUES (31,18,17,"2019-04-09","2019-05-23","2019-05-27",350,35);
INSERT INTO `reservations`(`idReservation`, `idChambre`, `idClient`, `dateReservation`, `dateDebut`, `dateFin`, `prix`, `arrhes`) VALUES (32,23,14,"2019-06-14","2019-08-02","2019-08-04",890,89);
INSERT INTO `reservations`(`idReservation`, `idChambre`, `idClient`, `dateReservation`, `dateDebut`, `dateFin`, `prix`, `arrhes`) VALUES (33,12,14,"2019-03-06","2019-03-23","2019-03-31",1440,144);
INSERT INTO `reservations`(`idReservation`, `idChambre`, `idClient`, `dateReservation`, `dateDebut`, `dateFin`, `prix`, `arrhes`) VALUES (34,19,17,"2019-03-27","2019-04-29","2019-05-07",1010,101);
INSERT INTO `reservations`(`idReservation`, `idChambre`, `idClient`, `dateReservation`, `dateDebut`, `dateFin`, `prix`, `arrhes`) VALUES (35,16,13,"2019-02-11","2019-03-08","2019-03-22",790,79);
INSERT INTO `reservations`(`idReservation`, `idChambre`, `idClient`, `dateReservation`, `dateDebut`, `dateFin`, `prix`, `arrhes`) VALUES (36,2,5,"2019-04-15","2019-04-23","2019-05-04",270,27);
INSERT INTO `reservations`(`idReservation`, `idChambre`, `idClient`, `dateReservation`, `dateDebut`, `dateFin`, `prix`, `arrhes`) VALUES (37,19,19,"2019-03-25","2019-05-02","2019-05-16",660,66);
INSERT INTO `reservations`(`idReservation`, `idChambre`, `idClient`, `dateReservation`, `dateDebut`, `dateFin`, `prix`, `arrhes`) VALUES (38,4,13,"2019-05-01","2019-06-14","2019-06-18",140,14);
INSERT INTO `reservations`(`idReservation`, `idChambre`, `idClient`, `dateReservation`, `dateDebut`, `dateFin`, `prix`, `arrhes`) VALUES (39,19,14,"2020-01-10","2020-02-24","2020-02-29",1460,146);
INSERT INTO `reservations`(`idReservation`, `idChambre`, `idClient`, `dateReservation`, `dateDebut`, `dateFin`, `prix`, `arrhes`) VALUES (40,4,6,"2019-11-24","2019-11-30","2019-12-01",790,79);
INSERT INTO `reservations`(`idReservation`, `idChambre`, `idClient`, `dateReservation`, `dateDebut`, `dateFin`, `prix`, `arrhes`) VALUES (41,20,15,"2020-01-13","2020-01-30","2020-02-14",390,39);

